ID_TURNO,HORA_INICIO,HORA_TERMINO
1,6:29 PM,6:49 PM
2,9:01 PM,2:23 AM
3,5:17 PM,5:34 PM
4,6:04 PM,4:51 PM
5,7:45 PM,5:52 AM
6,7:55 PM,6:33 AM
7,6:36 PM,4:34 AM
8,2:22 AM,11:28 PM
9,12:47 AM,10:51 PM
10,10:24 AM,3:23 AM
11,11:39 PM,6:46 AM
12,2:13 PM,6:19 AM
13,6:01 PM,9:26 AM
14,10:42 AM,1:51 AM
15,10:35 AM,2:26 AM
16,4:06 PM,12:23 AM
17,4:41 PM,3:05 AM
18,4:15 PM,5:08 PM
19,11:22 PM,11:53 AM
20,9:13 AM,11:43 PM
21,12:59 PM,3:56 PM
22,8:43 PM,4:16 AM
23,2:11 PM,5:12 PM
24,2:14 PM,4:45 AM
25,4:14 PM,7:12 PM
26,11:26 AM,10:31 AM
27,3:24 AM,11:34 AM
28,6:30 PM,12:13 PM
29,9:30 AM,1:08 PM
30,10:43 AM,1:39 PM
31,11:56 AM,12:18 AM
32,10:32 AM,9:18 PM
33,1:13 PM,10:18 PM
34,12:40 PM,12:56 PM
35,7:39 AM,2:43 AM
36,10:16 AM,7:03 AM
37,9:45 AM,6:36 PM
38,12:38 AM,4:08 AM
39,8:56 PM,9:43 PM
40,4:46 AM,12:14 PM
41,2:49 AM,6:12 AM
42,11:11 AM,3:39 PM
43,9:14 PM,3:47 AM
44,9:46 AM,4:02 AM
45,11:53 PM,12:49 PM
46,2:58 PM,4:56 AM
47,4:04 PM,4:49 PM
48,11:58 AM,4:43 AM
49,10:38 PM,7:45 PM
50,4:56 PM,1:28 PM
51,4:57 PM,12:34 AM
52,7:57 PM,12:38 PM
53,3:40 PM,10:48 PM
54,2:00 PM,11:36 PM
55,11:02 PM,12:13 PM
56,9:13 AM,9:36 PM
57,5:21 PM,7:56 AM
58,3:49 PM,5:10 PM
59,7:56 PM,6:36 AM
60,11:24 AM,4:37 PM
61,7:18 AM,2:45 AM
62,3:19 PM,8:02 PM
63,12:16 PM,2:10 PM
64,12:33 PM,6:14 PM
65,1:07 PM,8:09 PM
66,3:17 AM,11:47 AM
67,11:57 AM,6:01 AM
68,4:10 PM,4:28 PM
69,1:11 AM,6:08 AM
70,3:15 AM,12:28 PM
71,2:35 PM,2:58 AM
72,5:21 PM,6:45 PM
73,6:01 AM,1:29 PM
74,1:42 PM,2:30 PM
75,4:33 PM,2:51 PM
76,2:57 PM,1:53 PM
77,2:23 AM,4:03 PM
78,9:46 PM,8:03 AM
79,8:19 PM,4:20 PM
80,2:33 AM,10:30 AM
81,1:34 AM,1:30 AM
82,2:43 PM,3:48 AM
83,6:10 PM,4:33 PM
84,1:30 PM,6:54 PM
85,10:35 AM,8:09 AM
86,3:02 AM,1:08 AM
87,7:39 AM,12:50 AM
88,7:27 PM,6:41 AM
89,1:03 AM,10:07 PM
90,9:58 AM,2:53 PM
91,7:32 PM,2:38 PM
92,6:10 PM,12:03 PM
93,9:01 AM,5:09 PM
94,5:49 PM,4:04 AM
95,9:03 PM,12:31 AM
96,10:11 AM,7:57 PM
97,4:25 PM,6:31 AM
98,3:18 PM,8:08 PM
99,12:56 AM,8:30 PM
100,4:33 AM,6:21 AM
101,10:09 PM,10:47 AM
102,3:21 AM,5:13 PM
103,8:59 AM,10:25 AM
104,5:07 AM,1:54 PM
105,2:26 PM,10:50 AM
106,10:19 PM,3:16 PM
107,12:12 AM,5:05 AM
108,2:01 AM,7:33 AM
109,9:01 PM,7:32 AM
110,2:17 AM,5:07 AM
111,9:12 PM,8:53 PM
112,5:19 AM,1:35 AM
113,2:03 AM,6:55 PM
114,8:18 AM,6:03 AM
115,2:37 AM,12:15 PM
116,10:33 AM,8:20 AM
117,8:05 AM,5:52 AM
118,10:52 PM,9:30 AM
119,4:03 AM,11:28 PM
120,1:55 PM,12:18 AM
121,9:06 PM,8:39 AM
122,8:49 AM,6:04 AM
123,7:26 PM,6:21 PM
124,1:51 PM,6:19 AM
125,6:25 AM,10:49 AM
126,6:34 AM,3:09 AM
127,9:25 AM,12:54 AM
128,11:36 AM,12:52 AM
129,12:31 AM,5:32 AM
130,4:02 AM,3:38 AM
131,8:28 AM,3:04 AM
132,11:10 AM,5:54 AM
133,4:57 AM,3:02 PM
134,8:06 AM,10:51 PM
135,7:30 PM,11:45 PM
136,10:28 AM,8:38 PM
137,5:17 PM,5:50 PM
138,4:36 AM,9:26 PM
139,11:37 PM,12:52 PM
140,2:53 PM,3:07 AM
141,7:28 AM,10:17 AM
142,7:57 PM,5:41 PM
143,12:26 AM,3:15 AM
144,1:36 PM,4:17 PM
145,6:34 PM,7:39 AM
146,6:33 PM,3:03 PM
147,7:52 PM,10:54 AM
148,6:20 AM,12:07 PM
149,6:02 AM,2:05 AM
150,10:10 PM,1:25 PM
151,11:32 PM,5:47 PM
152,6:19 AM,8:36 AM
153,6:42 PM,4:36 AM
154,12:29 PM,2:24 AM
155,2:39 AM,7:00 PM
156,10:17 PM,1:39 PM
157,10:14 AM,12:06 PM
158,4:27 PM,5:04 AM
159,6:06 PM,9:05 PM
160,4:58 PM,10:59 AM
161,5:51 AM,12:43 PM
162,3:28 PM,2:48 PM
163,2:29 PM,7:26 PM
164,7:10 PM,9:27 AM
165,6:01 AM,12:03 AM
166,8:50 AM,8:21 PM
167,6:09 AM,8:07 AM
168,9:35 PM,12:53 PM
169,9:46 PM,4:00 AM
170,9:15 PM,3:48 AM
171,8:17 PM,12:49 AM
172,7:39 AM,12:17 AM
173,5:04 PM,6:15 AM
174,2:36 AM,2:34 PM
175,11:38 AM,6:47 PM
176,5:29 AM,3:17 PM
177,4:03 AM,6:52 PM
178,9:49 AM,8:55 AM
179,10:59 PM,7:17 PM
180,1:06 PM,12:51 AM
181,10:46 AM,1:02 AM
182,6:08 PM,10:13 AM
183,11:33 PM,1:38 PM
184,12:19 PM,7:37 PM
185,12:39 AM,10:29 AM
186,7:02 AM,6:54 PM
187,1:20 PM,4:15 PM
188,4:39 AM,12:55 PM
189,11:29 PM,2:46 PM
190,10:24 PM,3:31 PM
191,12:28 AM,5:11 AM
192,4:10 AM,12:43 PM
193,7:25 AM,11:18 PM
194,8:57 AM,12:08 PM
195,9:50 PM,1:15 PM
196,11:23 PM,3:32 AM
197,12:02 PM,7:54 PM
198,5:29 AM,7:05 PM
199,6:13 AM,4:46 PM
200,9:03 PM,7:35 AM
201,10:41 AM,10:05 AM
202,5:15 PM,10:29 AM
203,11:24 PM,12:06 AM
204,6:49 PM,9:50 PM
205,3:49 AM,8:38 PM
206,11:33 PM,9:43 PM
207,4:26 AM,10:44 PM
208,2:31 PM,9:53 PM
209,8:55 PM,1:03 PM
210,3:21 AM,5:15 AM
211,4:19 PM,4:31 PM
212,3:54 AM,9:19 AM
213,4:53 PM,6:29 AM
214,8:30 PM,7:30 PM
215,6:09 PM,8:17 AM
216,7:31 AM,10:39 AM
217,11:56 AM,3:27 AM
218,2:22 AM,6:21 AM
219,10:34 PM,2:39 PM
220,7:32 PM,11:41 AM
221,8:01 PM,4:28 PM
222,3:16 PM,1:34 AM
223,2:06 PM,9:18 AM
224,8:49 AM,3:42 PM
225,1:04 PM,9:28 AM
226,5:06 AM,9:05 PM
227,7:40 PM,6:48 AM
228,9:11 PM,1:03 AM
229,1:37 PM,8:32 PM
230,12:00 PM,12:39 AM
231,12:45 AM,11:03 AM
232,5:37 AM,4:02 AM
233,8:32 AM,10:04 AM
234,6:21 PM,3:43 AM
235,3:00 PM,4:19 PM
236,11:29 PM,8:02 PM
237,10:09 PM,6:47 PM
238,11:34 PM,5:17 PM
239,10:55 PM,10:12 AM
240,12:00 PM,3:47 AM
241,7:49 AM,8:08 AM
242,9:49 AM,9:38 PM
243,11:37 PM,8:09 PM
244,6:06 AM,11:47 AM
245,9:57 AM,5:24 AM
246,5:38 AM,1:22 AM
247,1:24 AM,12:05 AM
248,9:56 PM,2:03 PM
249,10:54 PM,8:17 AM
250,4:22 PM,1:26 AM
251,4:27 PM,2:15 AM
252,8:27 PM,10:44 PM
253,10:10 AM,6:29 PM
254,8:50 PM,6:43 PM
255,1:15 AM,6:53 PM
256,4:51 PM,1:17 PM
257,1:08 PM,5:02 PM
258,11:01 AM,6:47 AM
259,4:55 AM,9:38 PM
260,5:20 PM,10:39 AM
261,10:53 AM,5:13 PM
262,11:04 PM,2:57 AM
263,12:16 AM,1:02 PM
264,12:00 PM,10:05 PM
265,12:06 PM,5:11 PM
266,2:50 AM,11:01 PM
267,5:58 AM,9:08 AM
268,5:12 PM,6:05 PM
269,7:24 PM,2:02 AM
270,10:56 AM,10:57 AM
271,8:58 PM,12:13 AM
272,6:31 PM,9:08 PM
273,3:49 PM,9:47 AM
274,1:09 AM,10:07 AM
275,8:03 PM,4:27 PM
276,11:20 AM,8:23 PM
277,10:50 PM,10:31 PM
278,9:45 AM,4:11 AM
279,5:26 PM,5:54 PM
280,6:37 PM,11:48 AM
281,5:10 PM,3:47 PM
282,2:12 PM,11:44 AM
283,12:10 PM,7:41 AM
284,4:32 PM,11:38 PM
285,9:49 AM,6:19 AM
286,10:57 PM,5:27 PM
287,1:37 PM,9:07 AM
288,10:54 AM,7:10 PM
289,7:32 PM,2:26 AM
290,8:43 AM,3:12 PM
291,10:26 AM,4:19 AM
292,3:17 AM,5:07 AM
293,12:20 AM,6:43 PM
294,9:27 AM,9:32 PM
295,7:39 AM,12:32 PM
296,2:25 AM,6:05 AM
297,7:15 PM,6:20 PM
298,7:19 PM,5:25 AM
299,11:21 AM,7:53 AM
300,2:39 PM,12:38 PM
301,6:01 AM,10:07 PM
302,4:22 AM,6:12 AM
303,4:43 PM,5:50 AM
304,1:44 AM,7:32 PM
305,5:21 AM,8:33 AM
306,5:58 PM,7:26 AM
307,7:59 AM,12:13 AM
308,12:13 AM,11:35 PM
309,9:48 PM,5:50 AM
310,2:28 PM,7:29 AM
311,12:16 AM,10:47 AM
312,6:27 AM,9:42 PM
313,2:46 PM,7:38 PM
314,3:04 AM,4:57 AM
315,7:18 AM,7:19 PM
316,4:45 PM,7:47 AM
317,1:44 PM,1:10 AM
318,5:29 AM,2:47 AM
319,7:06 AM,3:37 AM
320,2:51 AM,3:41 PM
321,7:52 PM,10:56 PM
322,10:26 PM,7:59 AM
323,9:57 PM,4:27 AM
324,5:26 AM,8:52 AM
325,4:11 AM,12:32 PM
326,8:26 AM,1:05 AM
327,1:56 AM,7:24 PM
328,10:08 PM,5:54 PM
329,8:54 AM,11:21 PM
330,9:24 AM,11:12 AM
331,7:39 PM,9:16 PM
332,6:53 PM,9:39 AM
333,12:18 AM,1:46 PM
334,3:16 AM,5:19 AM
335,9:10 AM,9:08 PM
336,6:05 AM,2:45 PM
337,9:35 PM,10:22 AM
338,12:07 PM,2:45 PM
339,5:51 PM,2:06 PM
340,4:36 AM,7:00 PM
341,2:06 AM,4:11 AM
342,12:06 PM,2:11 AM
343,4:13 AM,10:50 PM
344,4:37 AM,7:22 PM
345,4:09 AM,2:22 PM
346,5:44 AM,6:45 AM
347,7:51 PM,1:22 AM
348,2:10 AM,12:54 AM
349,4:58 AM,3:14 PM
350,11:06 AM,1:55 PM
351,6:09 AM,9:34 PM
352,7:50 PM,7:45 AM
353,11:09 PM,11:31 PM
354,1:37 AM,7:52 AM
355,10:52 AM,6:04 AM
356,3:44 AM,9:26 PM
357,10:04 AM,10:38 AM
358,6:40 PM,4:27 AM
359,7:17 AM,9:21 PM
360,3:37 AM,7:57 AM
361,8:59 PM,12:21 AM
362,2:00 PM,9:07 PM
363,6:12 PM,12:36 PM
364,7:28 AM,7:40 PM
365,12:22 AM,1:05 PM
366,8:48 AM,3:28 AM
367,2:15 PM,11:37 PM
368,12:38 AM,3:27 AM
369,2:56 AM,11:27 AM
370,10:55 PM,10:46 AM
371,1:10 AM,6:51 AM
372,2:15 AM,10:37 AM
373,9:12 AM,7:01 PM
374,5:39 PM,11:40 AM
375,2:57 AM,5:22 PM
376,11:51 PM,10:59 PM
377,4:26 AM,2:52 AM
378,8:02 PM,3:17 PM
379,2:32 PM,2:30 AM
380,5:05 AM,12:20 PM
381,7:08 AM,11:18 AM
382,5:40 AM,8:43 AM
383,6:00 PM,4:16 PM
384,4:08 PM,3:44 AM
385,8:35 PM,11:40 PM
386,3:30 AM,9:45 PM
387,8:34 AM,10:38 PM
388,7:36 AM,6:33 AM
389,8:48 PM,5:38 PM
390,10:14 AM,6:55 PM
391,10:06 PM,12:19 PM
392,8:18 AM,2:49 AM
393,2:43 AM,2:21 PM
394,7:48 AM,4:29 PM
395,7:44 AM,7:30 PM
396,2:46 PM,8:18 PM
397,2:48 AM,4:21 PM
398,2:02 PM,1:35 AM
399,6:50 PM,6:08 PM
400,3:17 PM,7:38 PM
401,11:14 PM,4:34 AM
402,6:29 PM,1:29 AM
403,10:08 PM,7:59 AM
404,4:56 PM,10:13 PM
405,6:26 PM,7:22 PM
406,1:53 PM,7:04 AM
407,1:03 AM,3:13 PM
408,3:40 AM,11:45 PM
409,4:51 PM,5:59 AM
410,12:49 AM,8:38 PM
411,5:55 AM,11:08 AM
412,12:30 AM,1:06 PM
413,12:39 AM,5:33 AM
414,4:13 PM,10:20 AM
415,5:30 AM,6:04 AM
416,11:32 AM,9:52 AM
417,2:53 AM,12:59 PM
418,10:07 AM,12:04 PM
419,4:55 AM,12:06 AM
420,1:39 PM,6:18 AM
421,6:16 AM,12:10 PM
422,8:59 AM,10:53 AM
423,9:26 PM,8:56 PM
424,3:22 PM,5:17 PM
425,11:55 PM,9:02 AM
426,7:04 PM,7:11 AM
427,6:58 AM,8:40 AM
428,4:55 AM,9:20 PM
429,2:10 PM,10:07 AM
430,2:28 AM,11:32 AM
431,2:59 PM,3:55 AM
432,1:45 AM,10:28 AM
433,5:53 PM,5:53 AM
434,12:47 PM,3:52 AM
435,3:11 PM,9:22 AM
436,5:19 AM,11:25 PM
437,12:27 AM,10:47 AM
438,4:03 PM,12:54 AM
439,5:49 AM,8:06 AM
440,9:39 PM,5:36 AM
441,2:41 AM,3:53 PM
442,12:59 AM,3:06 AM
443,12:07 PM,11:33 PM
444,7:09 AM,10:48 AM
445,10:30 AM,5:24 PM
446,8:04 AM,7:59 AM
447,10:47 PM,3:54 PM
448,2:21 AM,4:32 AM
449,5:07 PM,3:31 AM
450,8:47 AM,5:38 AM
451,4:40 AM,5:09 AM
452,6:49 AM,2:34 PM
453,5:22 PM,2:17 AM
454,2:34 AM,5:16 AM
455,7:50 AM,7:00 PM
456,12:38 PM,10:23 AM
457,11:35 PM,6:08 AM
458,6:49 AM,6:47 AM
459,1:40 AM,8:30 PM
460,1:36 AM,8:51 AM
461,6:53 PM,12:31 PM
462,12:43 AM,3:04 AM
463,12:01 PM,8:48 PM
464,9:29 AM,12:34 AM
465,5:15 PM,2:40 AM
466,7:43 PM,8:04 AM
467,9:41 AM,7:23 PM
468,6:34 AM,4:54 AM
469,10:31 PM,12:28 AM
470,7:32 PM,7:47 AM
471,10:11 AM,1:19 AM
472,10:54 AM,6:08 AM
473,7:41 PM,10:00 PM
474,1:28 AM,2:28 AM
475,6:02 AM,9:17 PM
476,12:57 PM,7:54 AM
477,3:00 PM,12:18 AM
478,1:58 PM,4:41 PM
479,7:00 PM,4:21 AM
480,4:05 AM,1:40 AM
481,2:28 AM,1:51 AM
482,1:35 PM,7:28 AM
483,3:17 PM,2:53 AM
484,6:36 AM,11:20 PM
485,6:44 PM,8:03 PM
486,6:29 PM,12:57 PM
487,4:06 PM,3:01 AM
488,3:40 AM,1:07 AM
489,11:28 AM,12:45 PM
490,4:45 AM,12:35 AM
491,6:38 PM,2:37 AM
492,6:40 PM,7:37 AM
493,12:51 PM,10:14 PM
494,11:20 PM,11:33 AM
495,2:17 PM,4:55 AM
496,1:07 PM,4:45 AM
497,12:31 AM,7:38 AM
498,9:10 AM,9:20 PM
499,2:19 PM,5:07 AM
500,2:29 PM,3:17 AM
501,9:00 PM,4:47 AM
502,6:15 AM,1:33 PM
503,6:15 AM,6:02 AM
504,2:49 AM,5:22 PM
505,7:25 AM,9:28 PM
506,8:58 AM,10:16 AM
507,5:06 PM,5:38 AM
508,3:36 PM,4:04 AM
509,8:01 PM,6:41 PM
510,1:52 PM,9:48 PM
511,2:09 PM,10:23 PM
512,2:49 PM,9:59 PM
513,2:00 AM,5:07 AM
514,9:33 PM,11:41 AM
515,11:24 PM,3:32 AM
516,10:45 PM,5:29 PM
517,12:28 PM,5:54 AM
518,4:20 PM,3:30 PM
519,7:24 PM,3:26 AM
520,8:36 AM,4:28 AM
521,1:56 AM,9:13 PM
522,10:49 AM,6:39 AM
523,10:13 PM,4:06 PM
524,10:35 AM,12:07 PM
525,7:43 AM,4:36 AM
526,12:51 AM,4:23 PM
527,11:36 PM,4:44 PM
528,9:47 AM,5:10 AM
529,10:49 AM,8:20 AM
530,4:07 AM,2:28 PM
531,10:03 AM,3:24 AM
532,7:51 PM,11:25 AM
533,7:47 AM,12:13 AM
534,3:40 PM,7:58 PM
535,1:08 AM,10:42 PM
536,11:32 AM,3:38 AM
537,4:56 AM,3:46 AM
538,12:39 AM,8:16 AM
539,7:20 PM,12:22 PM
540,6:46 PM,9:27 AM
541,11:26 PM,5:50 PM
542,8:32 PM,2:47 AM
543,11:22 PM,1:26 AM
544,2:14 AM,8:43 PM
545,4:12 PM,8:46 AM
546,6:17 PM,5:35 PM
547,11:11 PM,8:23 AM
548,8:33 AM,2:40 PM
549,12:31 PM,6:58 AM
550,5:07 AM,1:52 PM
551,11:37 PM,9:13 PM
552,4:22 AM,2:08 AM
553,3:21 AM,8:34 PM
554,1:26 AM,6:12 AM
555,10:38 PM,7:47 AM
556,7:41 AM,5:59 AM
557,2:09 AM,6:15 PM
558,1:54 AM,9:57 AM
559,5:04 AM,3:17 AM
560,12:25 PM,12:51 PM
561,3:27 PM,3:34 AM
562,12:12 PM,3:25 AM
563,3:01 PM,8:44 PM
564,12:21 PM,8:01 AM
565,1:18 PM,6:40 AM
566,6:43 AM,8:02 PM
567,7:23 PM,4:59 AM
568,2:50 PM,2:22 AM
569,3:23 AM,6:45 AM
570,2:32 PM,3:45 AM
571,1:23 AM,3:40 PM
572,8:07 PM,8:26 AM
573,1:19 AM,8:14 AM
574,4:46 AM,11:37 AM
575,3:09 PM,5:11 AM
576,11:52 PM,2:58 AM
577,7:24 PM,10:26 PM
578,6:45 PM,8:49 AM
579,3:00 PM,6:42 AM
580,9:02 PM,6:44 AM
581,3:50 AM,5:28 AM
582,12:40 AM,10:50 AM
583,4:31 PM,11:17 PM
584,2:25 AM,3:55 AM
585,4:00 AM,1:47 AM
586,9:13 AM,2:17 AM
587,8:26 AM,11:20 PM
588,10:20 PM,10:11 AM
589,11:08 AM,1:39 AM
590,5:44 AM,11:52 PM
591,1:10 PM,12:04 PM
592,11:37 AM,2:23 PM
593,9:03 PM,12:03 PM
594,2:01 PM,10:37 PM
595,7:31 PM,12:39 PM
596,7:00 PM,12:19 AM
597,9:41 AM,1:00 AM
598,6:19 AM,6:00 PM
599,1:22 PM,10:06 AM
600,12:55 AM,7:57 AM
601,2:20 AM,1:37 AM
602,8:36 AM,5:52 AM
603,6:02 PM,2:39 PM
604,3:36 PM,11:22 PM
605,3:12 AM,11:01 AM
606,7:37 AM,11:53 PM
607,3:21 AM,11:15 AM
608,5:30 PM,2:31 PM
609,9:44 AM,10:13 AM
610,1:28 AM,5:00 PM
611,5:19 PM,9:20 PM
612,3:50 AM,12:10 PM
613,1:45 AM,12:50 AM
614,9:38 AM,5:00 AM
615,9:41 PM,9:29 AM
616,2:40 PM,7:27 PM
617,6:22 PM,2:02 AM
618,12:24 PM,12:53 PM
619,8:23 AM,12:33 AM
620,11:42 AM,2:07 PM
621,12:49 AM,6:44 AM
622,3:56 AM,7:19 PM
623,4:31 AM,12:32 AM
624,3:55 AM,9:47 AM
625,5:27 AM,3:44 PM
626,11:33 PM,4:56 PM
627,12:56 PM,10:33 PM
628,11:50 AM,12:19 PM
629,5:07 AM,5:20 PM
630,1:52 PM,12:26 PM
631,6:15 PM,2:27 AM
632,12:48 PM,9:58 PM
633,5:40 PM,3:01 PM
634,9:13 PM,2:59 PM
635,10:10 PM,4:22 PM
636,12:46 PM,12:03 PM
637,4:28 PM,4:04 AM
638,12:47 PM,11:54 PM
639,10:56 PM,12:49 AM
640,9:06 AM,6:26 PM
641,3:25 PM,3:46 AM
642,1:12 PM,1:57 PM
643,8:37 PM,9:46 AM
644,6:51 AM,3:15 AM
645,1:37 AM,2:02 AM
646,4:59 PM,7:39 PM
647,8:10 AM,2:21 AM
648,12:57 AM,9:32 AM
649,12:35 AM,10:14 AM
650,10:20 AM,6:44 PM
651,4:40 PM,2:56 PM
652,4:06 AM,5:44 PM
653,7:13 AM,7:01 AM
654,8:37 PM,3:48 AM
655,8:29 PM,6:52 PM
656,2:08 AM,5:14 AM
657,2:41 PM,3:14 AM
658,10:21 PM,1:20 AM
659,12:42 PM,3:50 AM
660,11:57 AM,4:38 AM
661,3:57 PM,3:24 AM
662,9:15 AM,12:18 PM
663,10:45 PM,2:10 AM
664,3:36 PM,5:30 PM
665,5:44 PM,1:20 PM
666,8:21 PM,7:36 AM
667,4:21 PM,5:59 AM
668,6:17 PM,1:33 PM
669,9:50 AM,4:47 AM
670,2:38 AM,9:23 AM
671,8:06 AM,5:20 PM
672,11:20 PM,11:07 PM
673,9:24 AM,11:04 PM
674,12:21 PM,5:53 AM
675,6:57 PM,9:56 PM
676,7:22 PM,11:32 PM
677,1:13 PM,3:55 AM
678,12:00 PM,6:29 PM
679,1:32 PM,1:05 AM
680,12:56 AM,9:10 PM
681,10:35 PM,7:23 PM
682,10:11 PM,5:25 PM
683,11:43 AM,9:14 PM
684,6:55 PM,8:56 PM
685,12:23 PM,10:14 AM
686,5:59 AM,5:12 AM
687,5:42 PM,7:31 AM
688,6:45 PM,9:49 PM
689,7:49 PM,10:20 PM
690,1:41 PM,5:21 AM
691,12:41 AM,8:17 PM
692,6:17 AM,5:03 AM
693,11:08 AM,1:18 PM
694,7:26 PM,10:03 AM
695,6:33 AM,7:10 PM
696,11:44 PM,6:43 AM
697,3:46 AM,8:16 AM
698,4:07 AM,4:42 PM
699,7:43 PM,10:07 PM
700,9:11 AM,12:25 PM
701,9:16 PM,2:29 AM
702,10:43 PM,10:11 PM
703,7:22 PM,10:53 PM
704,5:57 AM,4:42 AM
705,7:32 AM,9:26 PM
706,12:25 PM,2:13 PM
707,6:14 PM,4:35 PM
708,3:27 AM,3:47 AM
709,6:25 PM,7:12 PM
710,9:34 PM,6:27 AM
711,5:19 AM,12:56 PM
712,3:14 AM,2:53 AM
713,9:21 PM,4:01 AM
714,1:41 PM,2:52 PM
715,4:41 PM,1:02 AM
716,10:03 PM,10:14 AM
717,3:36 PM,4:04 AM
718,9:49 PM,11:54 PM
719,4:26 PM,7:29 PM
720,11:31 PM,1:18 AM
721,8:48 PM,6:07 PM
722,10:42 AM,5:53 PM
723,8:20 AM,7:01 AM
724,8:40 AM,2:13 AM
725,2:07 PM,9:15 PM
726,9:16 AM,10:13 PM
727,12:46 AM,5:09 AM
728,6:36 AM,1:39 PM
729,3:37 PM,8:32 PM
730,2:18 PM,7:44 PM
731,10:49 AM,9:20 AM
732,12:57 PM,8:34 AM
733,11:03 AM,3:01 PM
734,2:09 PM,1:30 PM
735,5:07 PM,5:24 PM
736,1:30 AM,4:30 PM
737,10:41 AM,11:47 PM
738,8:39 AM,12:01 AM
739,10:52 AM,4:37 AM
740,3:02 AM,12:43 AM
741,5:54 PM,9:08 PM
742,9:29 PM,4:01 AM
743,4:04 PM,3:28 AM
744,10:19 PM,9:48 PM
745,8:09 AM,3:28 PM
746,8:38 AM,9:39 PM
747,1:36 AM,6:56 PM
748,9:51 PM,12:11 PM
749,9:29 AM,11:19 PM
750,7:06 PM,5:25 AM
751,3:02 AM,4:49 PM
752,8:02 AM,10:50 AM
753,3:05 PM,5:18 AM
754,3:02 PM,1:29 PM
755,6:41 AM,12:15 PM
756,2:42 AM,5:14 AM
757,11:27 PM,2:23 PM
758,9:02 PM,1:55 PM
759,3:06 PM,4:03 AM
760,6:13 PM,7:24 AM
761,7:03 PM,10:36 AM
762,6:35 PM,1:34 AM
763,4:30 AM,9:17 PM
764,11:10 PM,10:21 AM
765,7:20 PM,8:44 PM
766,4:54 AM,7:24 PM
767,7:23 AM,1:11 PM
768,1:54 PM,8:24 AM
769,8:46 PM,9:23 PM
770,5:01 PM,12:39 AM
771,2:38 AM,7:29 AM
772,2:58 AM,6:08 PM
773,11:41 AM,3:09 PM
774,12:42 AM,5:10 PM
775,5:51 AM,8:14 AM
776,3:02 AM,2:15 PM
777,11:44 AM,12:50 PM
778,7:50 AM,12:03 PM
779,2:33 AM,3:53 PM
780,10:49 AM,5:42 AM
781,5:56 PM,6:34 AM
782,2:41 AM,11:37 AM
783,5:44 PM,5:18 AM
784,10:52 PM,2:11 AM
785,1:52 AM,2:43 AM
786,6:12 PM,2:39 PM
787,7:58 AM,12:44 PM
788,1:19 AM,4:49 PM
789,12:44 AM,8:57 AM
790,12:41 AM,6:10 AM
791,4:12 AM,7:51 PM
792,10:26 PM,6:21 AM
793,6:27 AM,9:16 PM
794,5:06 PM,11:58 AM
795,1:24 PM,4:45 AM
796,4:40 PM,5:25 AM
797,12:35 PM,3:48 AM
798,7:59 AM,10:30 PM
799,5:36 AM,6:12 AM
800,7:03 AM,3:48 PM
801,1:08 AM,2:04 PM
802,5:29 AM,1:18 AM
803,4:02 PM,7:06 AM
804,12:38 PM,9:54 PM
805,8:48 PM,5:22 AM
806,3:42 PM,5:30 AM
807,1:40 PM,9:07 PM
808,5:34 PM,9:45 AM
809,10:04 AM,9:05 AM
810,9:35 PM,6:34 PM
811,1:34 AM,2:12 AM
812,5:48 AM,2:23 PM
813,11:47 AM,5:49 PM
814,9:40 PM,3:50 AM
815,9:54 PM,12:23 AM
816,10:45 PM,2:40 AM
817,2:02 PM,7:23 AM
818,4:07 PM,11:11 PM
819,2:56 AM,12:43 AM
820,10:18 AM,3:17 PM
821,10:21 PM,8:25 PM
822,9:14 AM,10:58 PM
823,1:51 AM,8:01 PM
824,4:52 PM,10:25 PM
825,7:09 PM,5:25 PM
826,6:25 PM,6:53 AM
827,10:34 PM,12:01 PM
828,8:17 PM,4:31 PM
829,6:46 AM,5:38 AM
830,11:00 PM,8:22 AM
831,1:23 PM,11:30 PM
832,1:09 PM,11:24 AM
833,6:28 PM,9:02 PM
834,5:24 PM,11:53 PM
835,7:54 PM,1:53 AM
836,12:13 AM,6:17 AM
837,2:44 AM,3:23 PM
838,2:27 AM,5:08 PM
839,4:52 AM,2:13 AM
840,11:10 PM,8:21 AM
841,2:44 PM,1:43 PM
842,1:24 PM,2:37 AM
843,1:46 PM,11:30 AM
844,4:12 AM,12:54 AM
845,6:50 AM,1:55 AM
846,6:21 PM,2:23 AM
847,9:48 AM,1:10 PM
848,9:30 PM,10:24 PM
849,7:07 AM,4:35 PM
850,8:18 AM,10:33 AM
851,6:01 PM,5:10 AM
852,7:04 AM,11:44 PM
853,2:37 AM,4:45 AM
854,6:42 AM,11:50 PM
855,2:16 AM,9:34 AM
856,3:56 PM,10:18 AM
857,4:46 PM,3:27 AM
858,12:35 AM,10:01 PM
859,8:34 PM,1:14 PM
860,3:13 PM,8:06 AM
861,5:06 PM,11:43 PM
862,6:59 PM,4:13 PM
863,7:39 PM,10:49 PM
864,10:05 PM,6:20 PM
865,6:57 PM,4:47 AM
866,3:16 AM,6:11 PM
867,4:41 AM,5:23 PM
868,10:49 AM,10:05 PM
869,6:03 PM,1:34 AM
870,4:22 PM,7:42 AM
871,7:40 AM,3:32 PM
872,12:38 PM,1:57 AM
873,7:43 PM,3:57 PM
874,9:05 PM,3:13 PM
875,10:39 PM,5:07 PM
876,4:56 AM,1:48 PM
877,2:49 AM,6:40 AM
878,6:55 AM,12:33 AM
879,10:32 PM,2:26 PM
880,7:32 PM,8:44 AM
881,3:23 PM,2:36 PM
882,8:21 AM,3:18 AM
883,2:35 PM,8:31 PM
884,9:39 AM,4:50 PM
885,8:06 AM,1:29 AM
886,1:18 AM,7:27 PM
887,1:36 PM,12:25 AM
888,12:58 PM,7:17 AM
889,9:03 PM,12:36 PM
890,10:00 PM,8:09 PM
891,2:22 AM,8:56 PM
892,12:45 AM,1:55 PM
893,7:59 AM,3:26 AM
894,12:27 PM,7:52 PM
895,11:54 PM,7:43 AM
896,6:29 AM,12:47 AM
897,8:49 AM,4:24 AM
898,9:10 PM,11:47 PM
899,10:34 PM,5:17 PM
900,2:52 PM,8:04 PM
901,5:46 AM,8:57 AM
902,12:57 PM,2:32 PM
903,3:04 PM,5:44 AM
904,9:44 PM,9:56 AM
905,10:46 PM,3:48 PM
906,10:11 AM,4:14 AM
907,3:50 AM,7:31 PM
908,1:29 PM,9:26 PM
909,9:06 AM,3:42 AM
910,7:27 AM,6:47 PM
911,3:42 AM,10:16 PM
912,12:49 PM,7:27 AM
913,6:42 PM,5:06 PM
914,8:45 PM,3:56 AM
915,12:14 AM,4:36 PM
916,7:57 AM,1:18 AM
917,8:43 AM,3:13 AM
918,8:54 AM,12:00 AM
919,4:56 AM,12:12 PM
920,4:26 PM,8:12 AM
921,12:54 AM,2:17 AM
922,5:54 AM,8:16 AM
923,4:33 AM,11:13 PM
924,3:06 AM,4:06 PM
925,6:50 PM,3:31 PM
926,8:46 AM,1:43 PM
927,12:58 AM,1:20 AM
928,7:07 PM,11:44 PM
929,6:36 AM,9:53 PM
930,6:50 AM,11:34 AM
931,3:44 PM,8:57 PM
932,4:52 PM,11:50 PM
933,2:05 AM,7:01 AM
934,5:49 PM,12:45 AM
935,2:54 PM,3:34 PM
936,7:24 AM,11:05 PM
937,9:26 AM,5:34 AM
938,3:22 AM,2:21 PM
939,7:45 PM,3:59 AM
940,11:07 PM,5:36 PM
941,3:17 PM,12:03 PM
942,8:30 AM,7:48 PM
943,4:48 PM,2:02 PM
944,10:52 PM,11:31 AM
945,2:07 PM,6:15 AM
946,2:43 PM,2:19 AM
947,8:41 PM,7:16 PM
948,2:36 AM,9:42 PM
949,12:56 AM,5:49 AM
950,2:55 AM,6:49 PM
951,9:44 AM,1:30 AM
952,12:41 AM,2:25 AM
953,9:41 PM,4:34 PM
954,11:20 PM,11:43 AM
955,3:49 PM,6:56 PM
956,3:50 PM,5:46 PM
957,6:59 PM,11:19 AM
958,9:26 PM,12:37 AM
959,7:19 PM,12:16 PM
960,7:20 PM,8:59 AM
961,1:03 PM,11:30 PM
962,8:13 AM,8:07 PM
963,8:09 PM,4:43 PM
964,7:09 PM,4:12 PM
965,7:25 AM,3:52 AM
966,11:35 PM,8:46 PM
967,9:32 AM,10:49 AM
968,9:34 AM,5:35 PM
969,1:10 AM,1:48 PM
970,1:53 AM,3:08 PM
971,6:28 AM,9:38 PM
972,7:55 AM,10:16 AM
973,5:19 PM,12:20 AM
974,12:54 PM,6:10 AM
975,6:41 PM,9:28 AM
976,9:40 AM,5:32 PM
977,5:18 PM,4:04 AM
978,12:59 PM,5:56 PM
979,11:16 PM,7:12 AM
980,1:37 PM,12:06 PM
981,2:57 PM,11:02 AM
982,3:09 PM,8:40 PM
983,12:22 AM,4:45 AM
984,11:37 AM,9:46 AM
985,4:25 PM,6:02 PM
986,12:36 PM,4:20 PM
987,1:23 PM,11:55 AM
988,7:55 PM,6:44 AM
989,12:12 AM,3:00 AM
990,6:23 PM,10:56 PM
991,2:36 PM,12:30 AM
992,9:25 PM,11:54 PM
993,5:27 AM,8:25 PM
994,8:14 AM,3:56 AM
995,2:00 AM,10:23 AM
996,4:48 AM,9:01 AM
997,9:26 AM,4:40 PM
998,9:02 AM,12:46 AM
999,3:59 AM,1:49 PM
1000,2:11 PM,11:44 AM
